{
  "ate_mean_m": 0.7040710014819757,
  "ate_rmse_m": 0.7721392859646543,
  "ate_std_m": 0.3169906967123386,
  "completeness_pct": 96.06138107416879,
  "delta_m": 10.0,
  "gt_poses": 1955,
  "matched_poses": 1878,
  "rpe_rot_drift_deg_per_100m": 108.65613963199401,
  "rpe_rot_mean_deg": 10.8656139631994,
  "rpe_rot_rmse_deg": 21.831610139229994,
  "rpe_trans_drift_m_per_m": 1.3856690897954855,
  "rpe_trans_mean_m": 13.856690897954856,
  "rpe_trans_rmse_m": 15.480404916012114,
  "t_max_diff_s": 0.1
}
