{
  "ate_mean_m": 0.7190689052393697,
  "ate_rmse_m": 0.7950237246269306,
  "ate_std_m": 0.3391203801565633,
  "completeness_pct": 89.82097186700767,
  "delta_m": 10.0,
  "gt_poses": 1955,
  "matched_poses": 1756,
  "rpe_rot_drift_deg_per_100m": 110.72837849977239,
  "rpe_rot_mean_deg": 11.072837849977239,
  "rpe_rot_rmse_deg": 21.188333016807913,
  "rpe_trans_drift_m_per_m": 1.43093642014862,
  "rpe_trans_mean_m": 14.3093642014862,
  "rpe_trans_rmse_m": 16.028132190850396,
  "t_max_diff_s": 0.1
}