{
  "ate_mean_m": 0.7174911290513543,
  "ate_rmse_m": 0.8852847646451014,
  "ate_std_m": 0.5185900059250519,
  "completeness_pct": 96.06138107416879,
  "delta_m": 10.0,
  "gt_poses": 1955,
  "matched_poses": 1878,
  "rpe_rot_drift_deg_per_100m": 110.26760644641615,
  "rpe_rot_mean_deg": 11.026760644641616,
  "rpe_rot_rmse_deg": 21.851017776753054,
  "rpe_trans_drift_m_per_m": 1.3769331178438553,
  "rpe_trans_mean_m": 13.769331178438552,
  "rpe_trans_rmse_m": 15.413588651219253,
  "t_max_diff_s": 0.1
}